file_path,model,finish_reason,completion_tokens,prompt_tokens,total_tokens
./jsoup-jsoup/2323b/MANTIS-tests-10.bak-20260305-161935/jsoup-jsoup/Tag/scenario_output/isFormSubmittable/isFormSubmittable_1.json,,,0,0,0
./jsoup-jsoup/2323b/MANTIS-tests-10.bak-20260305-161935/jsoup-jsoup/Tag/scenario_output/isFormSubmittable/scenario_2.json,o4-mini,stop,1714,6080,7794
./jsoup-jsoup/2323b/MANTIS-tests-10.bak-20260305-161935/jsoup-jsoup/Tag/scenario_output/isFormSubmittable/isFormSubmittable_0.json,,,0,0,0
./jsoup-jsoup/2323b/MANTIS-tests-10.bak-20260305-161935/jsoup-jsoup/Tag/scenario_output/isFormSubmittable/isFormSubmittable_2.json,,,0,0,0
./jsoup-jsoup/2323b/MANTIS-tests-10.bak-20260305-161935/jsoup-jsoup/Tag/scenario_output/isFormSubmittable/scenario_0.json,o4-mini,stop,682,6331,7013
./jsoup-jsoup/2323b/MANTIS-tests-10.bak-20260305-161935/jsoup-jsoup/Tag/scenario_output/isFormSubmittable/scenario_1.json,o4-mini,stop,1342,5560,6902
./jsoup-jsoup/2323b/MANTIS-tests-10.bak-20260305-161935/jsoup-jsoup/Tag/test_output/isFormSubmittable/guide_0.json,gpt-4o-mini,stop,686,2786,3472
./jsoup-jsoup/2323b/MANTIS-tests-10.bak-20260305-161935/jsoup-jsoup/Tag/test_output/isFormSubmittable/test_1.json,o4-mini,stop,740,5083,5823
./jsoup-jsoup/2323b/MANTIS-tests-10.bak-20260305-161935/jsoup-jsoup/Tag/test_output/isFormSubmittable/test_0.json,o4-mini,stop,645,4955,5600
./jsoup-jsoup/2323b/MANTIS-tests-10.bak-20260305-161935/jsoup-jsoup/Tag/test_output/isFormSubmittable/guide_1.json,gpt-4o-mini,stop,626,2885,3511
./jsoup-jsoup/2323b/MANTIS-tests-10.bak-20260305-161935/jsoup-jsoup/Tag/test_output/isFormSubmittable/fix_2_1.json,gpt-4o-mini,stop,533,2477,3010
./jsoup-jsoup/2323b/MANTIS-tests-10.bak-20260305-161935/jsoup-jsoup/Tag/test_output/isFormSubmittable/test_2.json,o4-mini,stop,724,5261,5985
./jsoup-jsoup/2323b/MANTIS-tests-10.bak-20260305-161935/jsoup-jsoup/Tag/test_output/isFormSubmittable/fix_2_2.json,gpt-4o-mini,stop,690,1571,2261
./jsoup-jsoup/2323b/MANTIS-tests-10.bak-20260305-161935/jsoup-jsoup/Tag/test_output/isFormSubmittable/guide_2.json,gpt-4o-mini,stop,125,2480,2605
./jsoup-jsoup/2323b/MANTIS-tests-10.bak-20260305-161935/jsoup-jsoup/Tag/test_output/isFormSubmittable/fix_1_0.json,gpt-4o-mini,stop,443,2326,2769
./jsoup-jsoup/2323b/MANTIS-tests-10.bak-20260305-161935/jsoup-jsoup/Tag/test_output/isFormSubmittable/fix_1_1.json,gpt-4o-mini,stop,533,2523,3056
./jsoup-jsoup/2323b/MANTIS-tests-10.bak-20260305-161935/jsoup-jsoup/Tag/test_output/isFormSubmittable/fix_2_0.json,gpt-4o-mini,stop,443,2438,2881
./jsoup-jsoup/2323b/MANTIS-tests-10.bak-20260305-161935/jsoup-jsoup/Tag/test_output/isFormSubmittable/fix_1_2.json,gpt-4o-mini,stop,665,1578,2243
./jsoup-jsoup/2323b/MANTIS-tests-07.bak-20260305-161250/jsoup-jsoup/Tag/scenario_output/isFormSubmittable/isFormSubmittable_1.json,,,0,0,0
./jsoup-jsoup/2323b/MANTIS-tests-07.bak-20260305-161250/jsoup-jsoup/Tag/scenario_output/isFormSubmittable/scenario_2.json,o4-mini,stop,1846,6255,8101
./jsoup-jsoup/2323b/MANTIS-tests-07.bak-20260305-161250/jsoup-jsoup/Tag/scenario_output/isFormSubmittable/isFormSubmittable_0.json,,,0,0,0
./jsoup-jsoup/2323b/MANTIS-tests-07.bak-20260305-161250/jsoup-jsoup/Tag/scenario_output/isFormSubmittable/isFormSubmittable_2.json,,,0,0,0
./jsoup-jsoup/2323b/MANTIS-tests-07.bak-20260305-161250/jsoup-jsoup/Tag/scenario_output/isFormSubmittable/scenario_0.json,o4-mini,stop,875,6331,7206
./jsoup-jsoup/2323b/MANTIS-tests-07.bak-20260305-161250/jsoup-jsoup/Tag/scenario_output/isFormSubmittable/scenario_1.json,o4-mini,stop,1731,5718,7449
./jsoup-jsoup/2323b/MANTIS-tests-07.bak-20260305-161250/jsoup-jsoup/Tag/test_output/isFormSubmittable/guide_0.json,gpt-4o-mini,stop,614,2939,3553
./jsoup-jsoup/2323b/MANTIS-tests-07.bak-20260305-161250/jsoup-jsoup/Tag/test_output/isFormSubmittable/test_1.json,o4-mini,stop,754,5148,5902
./jsoup-jsoup/2323b/MANTIS-tests-07.bak-20260305-161250/jsoup-jsoup/Tag/test_output/isFormSubmittable/test_0.json,o4-mini,stop,792,5011,5803
./jsoup-jsoup/2323b/MANTIS-tests-07.bak-20260305-161250/jsoup-jsoup/Tag/test_output/isFormSubmittable/guide_1.json,gpt-4o-mini,stop,804,2903,3707
./jsoup-jsoup/2323b/MANTIS-tests-07.bak-20260305-161250/jsoup-jsoup/Tag/test_output/isFormSubmittable/fix_2_1.json,gpt-4o-mini,stop,551,2673,3224
./jsoup-jsoup/2323b/MANTIS-tests-07.bak-20260305-161250/jsoup-jsoup/Tag/test_output/isFormSubmittable/test_2.json,o4-mini,stop,1085,5011,6096
./jsoup-jsoup/2323b/MANTIS-tests-07.bak-20260305-161250/jsoup-jsoup/Tag/test_output/isFormSubmittable/fix_2_2.json,gpt-4o-mini,stop,502,2532,3034
./jsoup-jsoup/2323b/MANTIS-tests-07.bak-20260305-161250/jsoup-jsoup/Tag/test_output/isFormSubmittable/guide_2.json,gpt-4o-mini,stop,706,2860,3566
./jsoup-jsoup/2323b/MANTIS-tests-07.bak-20260305-161250/jsoup-jsoup/Tag/test_output/isFormSubmittable/fix_1_0.json,gpt-4o-mini,stop,595,2763,3358
./jsoup-jsoup/2323b/MANTIS-tests-07.bak-20260305-161250/jsoup-jsoup/Tag/test_output/isFormSubmittable/fix_1_1.json,gpt-4o-mini,stop,551,2746,3297
./jsoup-jsoup/2323b/MANTIS-tests-07.bak-20260305-161250/jsoup-jsoup/Tag/test_output/isFormSubmittable/fix_2_0.json,gpt-4o-mini,stop,595,2519,3114
./jsoup-jsoup/2323b/MANTIS-tests-07.bak-20260305-161250/jsoup-jsoup/Tag/test_output/isFormSubmittable/fix_1_2.json,gpt-4o-mini,stop,502,2189,2691
./jsoup-jsoup/2323b/MANTIS-tests-01/jsoup-jsoup/Tag/scenario_output/isFormSubmittable/isFormSubmittable_1.json,,,0,0,0
./jsoup-jsoup/2323b/MANTIS-tests-01/jsoup-jsoup/Tag/scenario_output/isFormSubmittable/scenario_2.json,o4-mini,stop,1984,6063,8047
./jsoup-jsoup/2323b/MANTIS-tests-01/jsoup-jsoup/Tag/scenario_output/isFormSubmittable/isFormSubmittable_0.json,,,0,0,0
./jsoup-jsoup/2323b/MANTIS-tests-01/jsoup-jsoup/Tag/scenario_output/isFormSubmittable/isFormSubmittable_2.json,,,0,0,0
./jsoup-jsoup/2323b/MANTIS-tests-01/jsoup-jsoup/Tag/scenario_output/isFormSubmittable/scenario_0.json,o4-mini,stop,726,6331,7057
./jsoup-jsoup/2323b/MANTIS-tests-01/jsoup-jsoup/Tag/scenario_output/isFormSubmittable/scenario_1.json,o4-mini,stop,1620,5526,7146
./jsoup-jsoup/2323b/MANTIS-tests-01/jsoup-jsoup/Tag/test_output/isFormSubmittable/test_1.json,o4-mini,stop,775,4894,5669
./jsoup-jsoup/2323b/MANTIS-tests-01/jsoup-jsoup/Tag/test_output/isFormSubmittable/test_0.json,o4-mini,stop,563,4993,5556
./jsoup-jsoup/2323b/MANTIS-tests-01/jsoup-jsoup/Tag/test_output/isFormSubmittable/test_2.json,o4-mini,stop,1535,5467,7002
./jsoup-jsoup/2323b/MANTIS-tests-01/jsoup-jsoup/Tag/test_output/isFormSubmittable/fix_2_2.json,gpt-4o-mini,stop,1107,1937,3044
./jsoup-jsoup/2323b/MANTIS-tests-01/jsoup-jsoup/Tag/test_output/isFormSubmittable/guide_2.json,gpt-4o-mini,stop,110,2861,2971
./jsoup-jsoup/2323b/MANTIS-tests-01/jsoup-jsoup/Tag/test_output/isFormSubmittable/fix_1_2.json,gpt-4o-mini,stop,1090,1928,3018
./jsoup-jsoup/2323b/MANTIS-tests-09/jsoup-jsoup/Tag/scenario_output/isFormSubmittable/isFormSubmittable_1.json,,,0,0,0
./jsoup-jsoup/2323b/MANTIS-tests-09/jsoup-jsoup/Tag/scenario_output/isFormSubmittable/scenario_2.json,o4-mini,stop,2370,6281,8651
./jsoup-jsoup/2323b/MANTIS-tests-09/jsoup-jsoup/Tag/scenario_output/isFormSubmittable/isFormSubmittable_0.json,,,0,0,0
./jsoup-jsoup/2323b/MANTIS-tests-09/jsoup-jsoup/Tag/scenario_output/isFormSubmittable/isFormSubmittable_2.json,,,0,0,0
./jsoup-jsoup/2323b/MANTIS-tests-09/jsoup-jsoup/Tag/scenario_output/isFormSubmittable/scenario_0.json,o4-mini,stop,1459,6331,7790
./jsoup-jsoup/2323b/MANTIS-tests-09/jsoup-jsoup/Tag/scenario_output/isFormSubmittable/scenario_1.json,o4-mini,stop,1942,5706,7648
./jsoup-jsoup/2323b/MANTIS-tests-09/jsoup-jsoup/Tag/test_output/isFormSubmittable/test_1.json,o4-mini,stop,809,4966,5775
./jsoup-jsoup/2323b/MANTIS-tests-09/jsoup-jsoup/Tag/test_output/isFormSubmittable/test_0.json,o4-mini,stop,821,5401,6222
./jsoup-jsoup/2323b/MANTIS-tests-09/jsoup-jsoup/Tag/test_output/isFormSubmittable/test_2.json,o4-mini,stop,1669,5483,7152
./jsoup-jsoup/2323b/MANTIS-tests-02/jsoup-jsoup/Tag/scenario_output/isFormSubmittable/isFormSubmittable_1.json,,,0,0,0
./jsoup-jsoup/2323b/MANTIS-tests-02/jsoup-jsoup/Tag/scenario_output/isFormSubmittable/scenario_2.json,o4-mini,stop,1725,6149,7874
./jsoup-jsoup/2323b/MANTIS-tests-02/jsoup-jsoup/Tag/scenario_output/isFormSubmittable/isFormSubmittable_0.json,,,0,0,0
./jsoup-jsoup/2323b/MANTIS-tests-02/jsoup-jsoup/Tag/scenario_output/isFormSubmittable/isFormSubmittable_2.json,,,0,0,0
./jsoup-jsoup/2323b/MANTIS-tests-02/jsoup-jsoup/Tag/scenario_output/isFormSubmittable/scenario_0.json,o4-mini,stop,796,6331,7127
./jsoup-jsoup/2323b/MANTIS-tests-02/jsoup-jsoup/Tag/scenario_output/isFormSubmittable/scenario_1.json,o4-mini,stop,1871,5594,7465
./jsoup-jsoup/2323b/MANTIS-tests-02/jsoup-jsoup/Tag/test_output/isFormSubmittable/test_1.json,o4-mini,stop,693,4962,5655
./jsoup-jsoup/2323b/MANTIS-tests-02/jsoup-jsoup/Tag/test_output/isFormSubmittable/test_0.json,o4-mini,stop,699,5008,5707
./jsoup-jsoup/2323b/MANTIS-tests-02/jsoup-jsoup/Tag/test_output/isFormSubmittable/guide_1.json,gpt-4o-mini,stop,211,2393,2604
./jsoup-jsoup/2323b/MANTIS-tests-02/jsoup-jsoup/Tag/test_output/isFormSubmittable/fix_2_1.json,gpt-4o-mini,stop,568,1569,2137
./jsoup-jsoup/2323b/MANTIS-tests-02/jsoup-jsoup/Tag/test_output/isFormSubmittable/test_2.json,o4-mini,stop,1006,5280,6286
./jsoup-jsoup/2323b/MANTIS-tests-02/jsoup-jsoup/Tag/test_output/isFormSubmittable/fix_2_2.json,gpt-4o-mini,stop,546,1590,2136
./jsoup-jsoup/2323b/MANTIS-tests-02/jsoup-jsoup/Tag/test_output/isFormSubmittable/guide_2.json,gpt-4o-mini,stop,125,2499,2624
./jsoup-jsoup/2323b/MANTIS-tests-02/jsoup-jsoup/Tag/test_output/isFormSubmittable/fix_1_1.json,gpt-4o-mini,stop,541,1490,2031
./jsoup-jsoup/2323b/MANTIS-tests-02/jsoup-jsoup/Tag/test_output/isFormSubmittable/fix_1_2.json,gpt-4o-mini,stop,676,1605,2281
./jsoup-jsoup/2323b/MANTIS-tests-04.bak-20260305-160434/jsoup-jsoup/Tag/scenario_output/isFormSubmittable/isFormSubmittable_1.json,,,0,0,0
./jsoup-jsoup/2323b/MANTIS-tests-04.bak-20260305-160434/jsoup-jsoup/Tag/scenario_output/isFormSubmittable/scenario_2.json,o4-mini,stop,1484,5961,7445
./jsoup-jsoup/2323b/MANTIS-tests-04.bak-20260305-160434/jsoup-jsoup/Tag/scenario_output/isFormSubmittable/isFormSubmittable_0.json,,,0,0,0
./jsoup-jsoup/2323b/MANTIS-tests-04.bak-20260305-160434/jsoup-jsoup/Tag/scenario_output/isFormSubmittable/isFormSubmittable_2.json,,,0,0,0
./jsoup-jsoup/2323b/MANTIS-tests-04.bak-20260305-160434/jsoup-jsoup/Tag/scenario_output/isFormSubmittable/scenario_0.json,o4-mini,stop,616,6331,6947
./jsoup-jsoup/2323b/MANTIS-tests-04.bak-20260305-160434/jsoup-jsoup/Tag/scenario_output/isFormSubmittable/scenario_1.json,o4-mini,stop,1824,5493,7317
./jsoup-jsoup/2323b/MANTIS-tests-04.bak-20260305-160434/jsoup-jsoup/Tag/test_output/isFormSubmittable/guide_0.json,gpt-4o-mini,stop,637,2714,3351
./jsoup-jsoup/2323b/MANTIS-tests-04.bak-20260305-160434/jsoup-jsoup/Tag/test_output/isFormSubmittable/test_1.json,o4-mini,stop,905,5051,5956
./jsoup-jsoup/2323b/MANTIS-tests-04.bak-20260305-160434/jsoup-jsoup/Tag/test_output/isFormSubmittable/test_0.json,o4-mini,stop,489,4758,5247
./jsoup-jsoup/2323b/MANTIS-tests-04.bak-20260305-160434/jsoup-jsoup/Tag/test_output/isFormSubmittable/guide_1.json,gpt-4o-mini,stop,774,2836,3610
./jsoup-jsoup/2323b/MANTIS-tests-04.bak-20260305-160434/jsoup-jsoup/Tag/test_output/isFormSubmittable/fix_2_1.json,gpt-4o-mini,stop,496,2576,3072
./jsoup-jsoup/2323b/MANTIS-tests-04.bak-20260305-160434/jsoup-jsoup/Tag/test_output/isFormSubmittable/test_2.json,o4-mini,stop,718,5297,6015
./jsoup-jsoup/2323b/MANTIS-tests-04.bak-20260305-160434/jsoup-jsoup/Tag/test_output/isFormSubmittable/fix_2_2.json,gpt-4o-mini,stop,588,2496,3084
./jsoup-jsoup/2323b/MANTIS-tests-04.bak-20260305-160434/jsoup-jsoup/Tag/test_output/isFormSubmittable/guide_2.json,gpt-4o-mini,stop,601,2929,3530
./jsoup-jsoup/2323b/MANTIS-tests-04.bak-20260305-160434/jsoup-jsoup/Tag/test_output/isFormSubmittable/fix_1_0.json,gpt-4o-mini,stop,351,2480,2831
./jsoup-jsoup/2323b/MANTIS-tests-04.bak-20260305-160434/jsoup-jsoup/Tag/test_output/isFormSubmittable/fix_1_1.json,gpt-4o-mini,stop,496,2717,3213
./jsoup-jsoup/2323b/MANTIS-tests-04.bak-20260305-160434/jsoup-jsoup/Tag/test_output/isFormSubmittable/fix_2_0.json,gpt-4o-mini,stop,351,2317,2668
./jsoup-jsoup/2323b/MANTIS-tests-04.bak-20260305-160434/jsoup-jsoup/Tag/test_output/isFormSubmittable/fix_1_2.json,gpt-4o-mini,stop,588,2627,3215
./jsoup-jsoup/2323b/MANTIS-tests-03.bak-20260305-160255/jsoup-jsoup/Tag/scenario_output/isFormSubmittable/isFormSubmittable_1.json,,,0,0,0
./jsoup-jsoup/2323b/MANTIS-tests-03.bak-20260305-160255/jsoup-jsoup/Tag/scenario_output/isFormSubmittable/scenario_2.json,o4-mini,stop,2157,6135,8292
./jsoup-jsoup/2323b/MANTIS-tests-03.bak-20260305-160255/jsoup-jsoup/Tag/scenario_output/isFormSubmittable/isFormSubmittable_0.json,,,0,0,0
./jsoup-jsoup/2323b/MANTIS-tests-03.bak-20260305-160255/jsoup-jsoup/Tag/scenario_output/isFormSubmittable/isFormSubmittable_2.json,,,0,0,0
./jsoup-jsoup/2323b/MANTIS-tests-03.bak-20260305-160255/jsoup-jsoup/Tag/scenario_output/isFormSubmittable/scenario_0.json,o4-mini,stop,780,6331,7111
./jsoup-jsoup/2323b/MANTIS-tests-03.bak-20260305-160255/jsoup-jsoup/Tag/scenario_output/isFormSubmittable/scenario_1.json,o4-mini,stop,1368,5453,6821
./jsoup-jsoup/2323b/MANTIS-tests-03.bak-20260305-160255/jsoup-jsoup/Tag/test_output/isFormSubmittable/guide_0.json,gpt-4o-mini,stop,344,2679,3023
./jsoup-jsoup/2323b/MANTIS-tests-03.bak-20260305-160255/jsoup-jsoup/Tag/test_output/isFormSubmittable/test_1.json,o4-mini,stop,915,5245,6160
./jsoup-jsoup/2323b/MANTIS-tests-03.bak-20260305-160255/jsoup-jsoup/Tag/test_output/isFormSubmittable/test_0.json,o4-mini,stop,520,4763,5283
./jsoup-jsoup/2323b/MANTIS-tests-03.bak-20260305-160255/jsoup-jsoup/Tag/test_output/isFormSubmittable/guide_1.json,gpt-4o-mini,stop,589,3035,3624
./jsoup-jsoup/2323b/MANTIS-tests-03.bak-20260305-160255/jsoup-jsoup/Tag/test_output/isFormSubmittable/fix_2_1.json,gpt-4o-mini,stop,706,2590,3296
./jsoup-jsoup/2323b/MANTIS-tests-03.bak-20260305-160255/jsoup-jsoup/Tag/test_output/isFormSubmittable/test_2.json,o4-mini,stop,1111,5397,6508
./jsoup-jsoup/2323b/MANTIS-tests-03.bak-20260305-160255/jsoup-jsoup/Tag/test_output/isFormSubmittable/fix_2_2.json,gpt-4o-mini,stop,784,2847,3631
./jsoup-jsoup/2323b/MANTIS-tests-03.bak-20260305-160255/jsoup-jsoup/Tag/test_output/isFormSubmittable/guide_2.json,gpt-4o-mini,stop,769,3112,3881
./jsoup-jsoup/2323b/MANTIS-tests-03.bak-20260305-160255/jsoup-jsoup/Tag/test_output/isFormSubmittable/fix_1_0.json,gpt-4o-mini,stop,317,2322,2639
./jsoup-jsoup/2323b/MANTIS-tests-03.bak-20260305-160255/jsoup-jsoup/Tag/test_output/isFormSubmittable/fix_1_1.json,gpt-4o-mini,stop,706,2845,3551
./jsoup-jsoup/2323b/MANTIS-tests-03.bak-20260305-160255/jsoup-jsoup/Tag/test_output/isFormSubmittable/fix_2_0.json,gpt-4o-mini,stop,317,1989,2306
./jsoup-jsoup/2323b/MANTIS-tests-03.bak-20260305-160255/jsoup-jsoup/Tag/test_output/isFormSubmittable/fix_1_2.json,gpt-4o-mini,stop,784,2704,3488
./jsoup-jsoup/2323b/MANTIS-tests-02.bak-20260305-160100/jsoup-jsoup/Tag/scenario_output/isFormSubmittable/isFormSubmittable_1.json,,,0,0,0
./jsoup-jsoup/2323b/MANTIS-tests-02.bak-20260305-160100/jsoup-jsoup/Tag/scenario_output/isFormSubmittable/scenario_2.json,o4-mini,stop,1501,6180,7681
./jsoup-jsoup/2323b/MANTIS-tests-02.bak-20260305-160100/jsoup-jsoup/Tag/scenario_output/isFormSubmittable/isFormSubmittable_0.json,,,0,0,0
./jsoup-jsoup/2323b/MANTIS-tests-02.bak-20260305-160100/jsoup-jsoup/Tag/scenario_output/isFormSubmittable/isFormSubmittable_2.json,,,0,0,0
./jsoup-jsoup/2323b/MANTIS-tests-02.bak-20260305-160100/jsoup-jsoup/Tag/scenario_output/isFormSubmittable/scenario_0.json,o4-mini,stop,767,6331,7098
./jsoup-jsoup/2323b/MANTIS-tests-02.bak-20260305-160100/jsoup-jsoup/Tag/scenario_output/isFormSubmittable/scenario_1.json,o4-mini,stop,1426,5540,6966
./jsoup-jsoup/2323b/MANTIS-tests-02.bak-20260305-160100/jsoup-jsoup/Tag/test_output/isFormSubmittable/guide_0.json,gpt-4o-mini,stop,691,2764,3455
./jsoup-jsoup/2323b/MANTIS-tests-02.bak-20260305-160100/jsoup-jsoup/Tag/test_output/isFormSubmittable/test_1.json,o4-mini,stop,1048,5074,6122
./jsoup-jsoup/2323b/MANTIS-tests-02.bak-20260305-160100/jsoup-jsoup/Tag/test_output/isFormSubmittable/test_0.json,o4-mini,stop,543,5046,5589
./jsoup-jsoup/2323b/MANTIS-tests-02.bak-20260305-160100/jsoup-jsoup/Tag/test_output/isFormSubmittable/guide_1.json,gpt-4o-mini,stop,802,3001,3803
./jsoup-jsoup/2323b/MANTIS-tests-02.bak-20260305-160100/jsoup-jsoup/Tag/test_output/isFormSubmittable/fix_2_1.json,gpt-4o-mini,stop,653,2769,3422
./jsoup-jsoup/2323b/MANTIS-tests-02.bak-20260305-160100/jsoup-jsoup/Tag/test_output/isFormSubmittable/test_2.json,o4-mini,stop,713,4848,5561
./jsoup-jsoup/2323b/MANTIS-tests-02.bak-20260305-160100/jsoup-jsoup/Tag/test_output/isFormSubmittable/fix_2_2.json,gpt-4o-mini,stop,500,2585,3085
./jsoup-jsoup/2323b/MANTIS-tests-02.bak-20260305-160100/jsoup-jsoup/Tag/test_output/isFormSubmittable/guide_2.json,gpt-4o-mini,stop,761,2858,3619
./jsoup-jsoup/2323b/MANTIS-tests-02.bak-20260305-160100/jsoup-jsoup/Tag/test_output/isFormSubmittable/fix_1_0.json,gpt-4o-mini,stop,412,2543,2955
./jsoup-jsoup/2323b/MANTIS-tests-02.bak-20260305-160100/jsoup-jsoup/Tag/test_output/isFormSubmittable/fix_1_1.json,gpt-4o-mini,stop,653,2621,3274
./jsoup-jsoup/2323b/MANTIS-tests-02.bak-20260305-160100/jsoup-jsoup/Tag/test_output/isFormSubmittable/fix_2_0.json,gpt-4o-mini,stop,412,2421,2833
./jsoup-jsoup/2323b/MANTIS-tests-02.bak-20260305-160100/jsoup-jsoup/Tag/test_output/isFormSubmittable/fix_1_2.json,gpt-4o-mini,stop,500,2661,3161
./jsoup-jsoup/2323b/MANTIS-tests-09.bak-20260305-161748/jsoup-jsoup/Tag/scenario_output/isFormSubmittable/isFormSubmittable_1.json,,,0,0,0
./jsoup-jsoup/2323b/MANTIS-tests-09.bak-20260305-161748/jsoup-jsoup/Tag/scenario_output/isFormSubmittable/scenario_2.json,o4-mini,stop,1588,6443,8031
./jsoup-jsoup/2323b/MANTIS-tests-09.bak-20260305-161748/jsoup-jsoup/Tag/scenario_output/isFormSubmittable/isFormSubmittable_0.json,,,0,0,0
./jsoup-jsoup/2323b/MANTIS-tests-09.bak-20260305-161748/jsoup-jsoup/Tag/scenario_output/isFormSubmittable/isFormSubmittable_2.json,,,0,0,0
./jsoup-jsoup/2323b/MANTIS-tests-09.bak-20260305-161748/jsoup-jsoup/Tag/scenario_output/isFormSubmittable/scenario_0.json,o4-mini,stop,792,6331,7123
./jsoup-jsoup/2323b/MANTIS-tests-09.bak-20260305-161748/jsoup-jsoup/Tag/scenario_output/isFormSubmittable/scenario_1.json,o4-mini,stop,1803,5655,7458
./jsoup-jsoup/2323b/MANTIS-tests-09.bak-20260305-161748/jsoup-jsoup/Tag/test_output/isFormSubmittable/guide_0.json,gpt-4o-mini,stop,716,2870,3586
./jsoup-jsoup/2323b/MANTIS-tests-09.bak-20260305-161748/jsoup-jsoup/Tag/test_output/isFormSubmittable/test_1.json,o4-mini,stop,1628,5287,6915
./jsoup-jsoup/2323b/MANTIS-tests-09.bak-20260305-161748/jsoup-jsoup/Tag/test_output/isFormSubmittable/test_0.json,o4-mini,stop,794,4943,5737
./jsoup-jsoup/2323b/MANTIS-tests-09.bak-20260305-161748/jsoup-jsoup/Tag/test_output/isFormSubmittable/guide_1.json,gpt-4o-mini,stop,781,3153,3934
./jsoup-jsoup/2323b/MANTIS-tests-09.bak-20260305-161748/jsoup-jsoup/Tag/test_output/isFormSubmittable/fix_2_1.json,gpt-4o-mini,stop,855,2900,3755
./jsoup-jsoup/2323b/MANTIS-tests-09.bak-20260305-161748/jsoup-jsoup/Tag/test_output/isFormSubmittable/test_2.json,o4-mini,stop,666,4867,5533
./jsoup-jsoup/2323b/MANTIS-tests-09.bak-20260305-161748/jsoup-jsoup/Tag/test_output/isFormSubmittable/fix_2_2.json,gpt-4o-mini,stop,565,1491,2056
./jsoup-jsoup/2323b/MANTIS-tests-09.bak-20260305-161748/jsoup-jsoup/Tag/test_output/isFormSubmittable/guide_2.json,gpt-4o-mini,stop,142,2383,2525
./jsoup-jsoup/2323b/MANTIS-tests-09.bak-20260305-161748/jsoup-jsoup/Tag/test_output/isFormSubmittable/fix_1_0.json,gpt-4o-mini,stop,528,2558,3086
./jsoup-jsoup/2323b/MANTIS-tests-09.bak-20260305-161748/jsoup-jsoup/Tag/test_output/isFormSubmittable/fix_1_1.json,gpt-4o-mini,stop,855,2889,3744
./jsoup-jsoup/2323b/MANTIS-tests-09.bak-20260305-161748/jsoup-jsoup/Tag/test_output/isFormSubmittable/fix_2_0.json,gpt-4o-mini,stop,528,2552,3080
./jsoup-jsoup/2323b/MANTIS-tests-09.bak-20260305-161748/jsoup-jsoup/Tag/test_output/isFormSubmittable/fix_1_2.json,gpt-4o-mini,stop,541,1461,2002
./jsoup-jsoup/2323b/MANTIS-tests-08/jsoup-jsoup/Tag/scenario_output/isFormSubmittable/isFormSubmittable_1.json,,,0,0,0
./jsoup-jsoup/2323b/MANTIS-tests-08/jsoup-jsoup/Tag/scenario_output/isFormSubmittable/scenario_2.json,o4-mini,stop,1548,6238,7786
./jsoup-jsoup/2323b/MANTIS-tests-08/jsoup-jsoup/Tag/scenario_output/isFormSubmittable/isFormSubmittable_0.json,,,0,0,0
./jsoup-jsoup/2323b/MANTIS-tests-08/jsoup-jsoup/Tag/scenario_output/isFormSubmittable/isFormSubmittable_2.json,,,0,0,0
./jsoup-jsoup/2323b/MANTIS-tests-08/jsoup-jsoup/Tag/scenario_output/isFormSubmittable/scenario_0.json,o4-mini,stop,854,6331,7185
./jsoup-jsoup/2323b/MANTIS-tests-08/jsoup-jsoup/Tag/scenario_output/isFormSubmittable/scenario_1.json,o4-mini,stop,1806,5616,7422
./jsoup-jsoup/2323b/MANTIS-tests-08/jsoup-jsoup/Tag/test_output/isFormSubmittable/test_1.json,o4-mini,stop,943,5023,5966
./jsoup-jsoup/2323b/MANTIS-tests-08/jsoup-jsoup/Tag/test_output/isFormSubmittable/test_0.json,o4-mini,stop,715,4993,5708
./jsoup-jsoup/2323b/MANTIS-tests-08/jsoup-jsoup/Tag/test_output/isFormSubmittable/test_2.json,o4-mini,stop,820,4957,5777
./jsoup-jsoup/2323b/MANTIS-tests-08/jsoup-jsoup/Tag/test_output/isFormSubmittable/fix_2_2.json,gpt-4o-mini,stop,621,1554,2175
./jsoup-jsoup/2323b/MANTIS-tests-08/jsoup-jsoup/Tag/test_output/isFormSubmittable/guide_2.json,gpt-4o-mini,stop,136,2452,2588
./jsoup-jsoup/2323b/MANTIS-tests-08/jsoup-jsoup/Tag/test_output/isFormSubmittable/fix_1_2.json,gpt-4o-mini,stop,617,1535,2152
./jsoup-jsoup/2323b/MANTIS-tests-01.bak-20260305-155752/jsoup-jsoup/Tag/scenario_output/isFormSubmittable/isFormSubmittable_1.json,,,0,0,0
./jsoup-jsoup/2323b/MANTIS-tests-01.bak-20260305-155752/jsoup-jsoup/Tag/scenario_output/isFormSubmittable/scenario_2.json,o4-mini,stop,2129,6106,8235
./jsoup-jsoup/2323b/MANTIS-tests-01.bak-20260305-155752/jsoup-jsoup/Tag/scenario_output/isFormSubmittable/isFormSubmittable_0.json,,,0,0,0
./jsoup-jsoup/2323b/MANTIS-tests-01.bak-20260305-155752/jsoup-jsoup/Tag/scenario_output/isFormSubmittable/isFormSubmittable_2.json,,,0,0,0
./jsoup-jsoup/2323b/MANTIS-tests-01.bak-20260305-155752/jsoup-jsoup/Tag/scenario_output/isFormSubmittable/scenario_0.json,o4-mini,stop,412,6331,6743
./jsoup-jsoup/2323b/MANTIS-tests-01.bak-20260305-155752/jsoup-jsoup/Tag/scenario_output/isFormSubmittable/scenario_1.json,o4-mini,stop,1825,5497,7322
./jsoup-jsoup/2323b/MANTIS-tests-01.bak-20260305-155752/jsoup-jsoup/Tag/test_output/isFormSubmittable/guide_0.json,gpt-4o-mini,stop,745,2719,3464
./jsoup-jsoup/2323b/MANTIS-tests-01.bak-20260305-155752/jsoup-jsoup/Tag/test_output/isFormSubmittable/test_1.json,o4-mini,stop,974,5052,6026
./jsoup-jsoup/2323b/MANTIS-tests-01.bak-20260305-155752/jsoup-jsoup/Tag/test_output/isFormSubmittable/test_0.json,o4-mini,stop,539,4753,5292
./jsoup-jsoup/2323b/MANTIS-tests-01.bak-20260305-155752/jsoup-jsoup/Tag/test_output/isFormSubmittable/guide_1.json,gpt-4o-mini,stop,563,2964,3527
./jsoup-jsoup/2323b/MANTIS-tests-01.bak-20260305-155752/jsoup-jsoup/Tag/test_output/isFormSubmittable/fix_2_1.json,gpt-4o-mini,stop,617,2493,3110
./jsoup-jsoup/2323b/MANTIS-tests-01.bak-20260305-155752/jsoup-jsoup/Tag/test_output/isFormSubmittable/test_2.json,o4-mini,stop,1149,5491,6640
./jsoup-jsoup/2323b/MANTIS-tests-01.bak-20260305-155752/jsoup-jsoup/Tag/test_output/isFormSubmittable/fix_2_2.json,gpt-4o-mini,stop,872,2835,3707
./jsoup-jsoup/2323b/MANTIS-tests-01.bak-20260305-155752/jsoup-jsoup/Tag/test_output/isFormSubmittable/guide_2.json,gpt-4o-mini,stop,689,3180,3869
./jsoup-jsoup/2323b/MANTIS-tests-01.bak-20260305-155752/jsoup-jsoup/Tag/test_output/isFormSubmittable/fix_1_0.json,gpt-4o-mini,stop,359,2354,2713
./jsoup-jsoup/2323b/MANTIS-tests-01.bak-20260305-155752/jsoup-jsoup/Tag/test_output/isFormSubmittable/fix_1_1.json,gpt-4o-mini,stop,617,2651,3268
./jsoup-jsoup/2323b/MANTIS-tests-01.bak-20260305-155752/jsoup-jsoup/Tag/test_output/isFormSubmittable/fix_2_0.json,gpt-4o-mini,stop,357,2430,2787
./jsoup-jsoup/2323b/MANTIS-tests-01.bak-20260305-155752/jsoup-jsoup/Tag/test_output/isFormSubmittable/fix_1_2.json,gpt-4o-mini,stop,872,2872,3744
./jsoup-jsoup/2323b/MANTIS-tests-05/jsoup-jsoup/Tag/scenario_output/isFormSubmittable/isFormSubmittable_1.json,,,0,0,0
./jsoup-jsoup/2323b/MANTIS-tests-05/jsoup-jsoup/Tag/scenario_output/isFormSubmittable/scenario_2.json,o4-mini,stop,1562,6114,7676
./jsoup-jsoup/2323b/MANTIS-tests-05/jsoup-jsoup/Tag/scenario_output/isFormSubmittable/isFormSubmittable_0.json,,,0,0,0
./jsoup-jsoup/2323b/MANTIS-tests-05/jsoup-jsoup/Tag/scenario_output/isFormSubmittable/isFormSubmittable_2.json,,,0,0,0
./jsoup-jsoup/2323b/MANTIS-tests-05/jsoup-jsoup/Tag/scenario_output/isFormSubmittable/scenario_0.json,o4-mini,stop,1367,6331,7698
./jsoup-jsoup/2323b/MANTIS-tests-05/jsoup-jsoup/Tag/scenario_output/isFormSubmittable/scenario_1.json,o4-mini,stop,1574,5667,7241
./jsoup-jsoup/2323b/MANTIS-tests-05/jsoup-jsoup/Tag/test_output/isFormSubmittable/test_1.json,o4-mini,stop,818,4857,5675
./jsoup-jsoup/2323b/MANTIS-tests-05/jsoup-jsoup/Tag/test_output/isFormSubmittable/test_0.json,o4-mini,stop,837,5237,6074
./jsoup-jsoup/2323b/MANTIS-tests-05/jsoup-jsoup/Tag/test_output/isFormSubmittable/test_2.json,o4-mini,stop,1145,5241,6386
./jsoup-jsoup/2323b/MANTIS-tests-05/jsoup-jsoup/Tag/test_output/isFormSubmittable/fix_2_2.json,gpt-4o-mini,stop,750,1664,2414
./jsoup-jsoup/2323b/MANTIS-tests-05/jsoup-jsoup/Tag/test_output/isFormSubmittable/guide_2.json,gpt-4o-mini,stop,134,2564,2698
./jsoup-jsoup/2323b/MANTIS-tests-05/jsoup-jsoup/Tag/test_output/isFormSubmittable/fix_1_2.json,gpt-4o-mini,stop,751,4245,4996
./jsoup-jsoup/2323b/MANTIS-tests-06.bak-20260305-161120/jsoup-jsoup/Tag/scenario_output/isFormSubmittable/isFormSubmittable_1.json,,,0,0,0
./jsoup-jsoup/2323b/MANTIS-tests-06.bak-20260305-161120/jsoup-jsoup/Tag/scenario_output/isFormSubmittable/scenario_2.json,o4-mini,stop,1941,6156,8097
./jsoup-jsoup/2323b/MANTIS-tests-06.bak-20260305-161120/jsoup-jsoup/Tag/scenario_output/isFormSubmittable/isFormSubmittable_0.json,,,0,0,0
./jsoup-jsoup/2323b/MANTIS-tests-06.bak-20260305-161120/jsoup-jsoup/Tag/scenario_output/isFormSubmittable/isFormSubmittable_2.json,,,0,0,0
./jsoup-jsoup/2323b/MANTIS-tests-06.bak-20260305-161120/jsoup-jsoup/Tag/scenario_output/isFormSubmittable/scenario_0.json,o4-mini,stop,720,6331,7051
./jsoup-jsoup/2323b/MANTIS-tests-06.bak-20260305-161120/jsoup-jsoup/Tag/scenario_output/isFormSubmittable/scenario_1.json,o4-mini,stop,1808,5554,7362
./jsoup-jsoup/2323b/MANTIS-tests-06.bak-20260305-161120/jsoup-jsoup/Tag/test_output/isFormSubmittable/guide_0.json,gpt-4o-mini,stop,719,2782,3501
./jsoup-jsoup/2323b/MANTIS-tests-06.bak-20260305-161120/jsoup-jsoup/Tag/test_output/isFormSubmittable/test_1.json,o4-mini,stop,1341,5299,6640
./jsoup-jsoup/2323b/MANTIS-tests-06.bak-20260305-161120/jsoup-jsoup/Tag/test_output/isFormSubmittable/test_0.json,o4-mini,stop,512,4920,5432
./jsoup-jsoup/2323b/MANTIS-tests-06.bak-20260305-161120/jsoup-jsoup/Tag/test_output/isFormSubmittable/guide_1.json,gpt-4o-mini,stop,704,3104,3808
./jsoup-jsoup/2323b/MANTIS-tests-06.bak-20260305-161120/jsoup-jsoup/Tag/test_output/isFormSubmittable/fix_2_1.json,gpt-4o-mini,stop,634,2774,3408
./jsoup-jsoup/2323b/MANTIS-tests-06.bak-20260305-161120/jsoup-jsoup/Tag/test_output/isFormSubmittable/test_2.json,o4-mini,stop,1965,5358,7323
./jsoup-jsoup/2323b/MANTIS-tests-06.bak-20260305-161120/jsoup-jsoup/Tag/test_output/isFormSubmittable/fix_2_2.json,gpt-4o-mini,stop,898,2912,3810
./jsoup-jsoup/2323b/MANTIS-tests-06.bak-20260305-161120/jsoup-jsoup/Tag/test_output/isFormSubmittable/guide_2.json,gpt-4o-mini,stop,730,3216,3946
./jsoup-jsoup/2323b/MANTIS-tests-06.bak-20260305-161120/jsoup-jsoup/Tag/test_output/isFormSubmittable/fix_1_0.json,gpt-4o-mini,stop,430,2448,2878
./jsoup-jsoup/2323b/MANTIS-tests-06.bak-20260305-161120/jsoup-jsoup/Tag/test_output/isFormSubmittable/fix_1_1.json,gpt-4o-mini,stop,792,2827,3619
./jsoup-jsoup/2323b/MANTIS-tests-06.bak-20260305-161120/jsoup-jsoup/Tag/test_output/isFormSubmittable/fix_2_0.json,gpt-4o-mini,stop,430,2467,2897
./jsoup-jsoup/2323b/MANTIS-tests-06.bak-20260305-161120/jsoup-jsoup/Tag/test_output/isFormSubmittable/fix_1_2.json,gpt-4o-mini,stop,898,2950,3848
./jsoup-jsoup/2323b/MANTIS-tests-03/jsoup-jsoup/Tag/scenario_output/isFormSubmittable/isFormSubmittable_1.json,,,0,0,0
./jsoup-jsoup/2323b/MANTIS-tests-03/jsoup-jsoup/Tag/scenario_output/isFormSubmittable/scenario_2.json,o4-mini,stop,1935,6081,8016
./jsoup-jsoup/2323b/MANTIS-tests-03/jsoup-jsoup/Tag/scenario_output/isFormSubmittable/isFormSubmittable_0.json,,,0,0,0
./jsoup-jsoup/2323b/MANTIS-tests-03/jsoup-jsoup/Tag/scenario_output/isFormSubmittable/isFormSubmittable_2.json,,,0,0,0
./jsoup-jsoup/2323b/MANTIS-tests-03/jsoup-jsoup/Tag/scenario_output/isFormSubmittable/scenario_0.json,o4-mini,stop,717,6331,7048
./jsoup-jsoup/2323b/MANTIS-tests-03/jsoup-jsoup/Tag/scenario_output/isFormSubmittable/scenario_1.json,o4-mini,stop,1455,5507,6962
./jsoup-jsoup/2323b/MANTIS-tests-03/jsoup-jsoup/Tag/test_output/isFormSubmittable/test_1.json,o4-mini,stop,743,5061,5804
./jsoup-jsoup/2323b/MANTIS-tests-03/jsoup-jsoup/Tag/test_output/isFormSubmittable/test_0.json,o4-mini,stop,524,4839,5363
./jsoup-jsoup/2323b/MANTIS-tests-03/jsoup-jsoup/Tag/test_output/isFormSubmittable/test_2.json,o4-mini,stop,1893,5426,7319
./jsoup-jsoup/2323b/MANTIS-tests-06/jsoup-jsoup/Tag/scenario_output/isFormSubmittable/isFormSubmittable_1.json,,,0,0,0
./jsoup-jsoup/2323b/MANTIS-tests-06/jsoup-jsoup/Tag/scenario_output/isFormSubmittable/scenario_2.json,o4-mini,stop,1953,6599,8552
./jsoup-jsoup/2323b/MANTIS-tests-06/jsoup-jsoup/Tag/scenario_output/isFormSubmittable/isFormSubmittable_0.json,,,0,0,0
./jsoup-jsoup/2323b/MANTIS-tests-06/jsoup-jsoup/Tag/scenario_output/isFormSubmittable/isFormSubmittable_2.json,,,0,0,0
./jsoup-jsoup/2323b/MANTIS-tests-06/jsoup-jsoup/Tag/scenario_output/isFormSubmittable/scenario_0.json,o4-mini,stop,992,6331,7323
./jsoup-jsoup/2323b/MANTIS-tests-06/jsoup-jsoup/Tag/scenario_output/isFormSubmittable/scenario_1.json,o4-mini,stop,2887,5565,8452
./jsoup-jsoup/2323b/MANTIS-tests-06/jsoup-jsoup/Tag/test_output/isFormSubmittable/test_1.json,o4-mini,stop,1398,5748,7146
./jsoup-jsoup/2323b/MANTIS-tests-06/jsoup-jsoup/Tag/test_output/isFormSubmittable/test_0.json,o4-mini,stop,790,5027,5817
./jsoup-jsoup/2323b/MANTIS-tests-06/jsoup-jsoup/Tag/test_output/isFormSubmittable/guide_1.json,gpt-4o-mini,stop,276,2982,3258
./jsoup-jsoup/2323b/MANTIS-tests-06/jsoup-jsoup/Tag/test_output/isFormSubmittable/fix_2_1.json,gpt-4o-mini,stop,1132,2224,3356
./jsoup-jsoup/2323b/MANTIS-tests-06/jsoup-jsoup/Tag/test_output/isFormSubmittable/test_2.json,o4-mini,stop,1043,5248,6291
./jsoup-jsoup/2323b/MANTIS-tests-06/jsoup-jsoup/Tag/test_output/isFormSubmittable/fix_2_2.json,gpt-4o-mini,stop,721,1802,2523
./jsoup-jsoup/2323b/MANTIS-tests-06/jsoup-jsoup/Tag/test_output/isFormSubmittable/guide_2.json,gpt-4o-mini,stop,231,2605,2836
./jsoup-jsoup/2323b/MANTIS-tests-06/jsoup-jsoup/Tag/test_output/isFormSubmittable/fix_1_1.json,gpt-4o-mini,stop,1131,2199,3330
./jsoup-jsoup/2323b/MANTIS-tests-06/jsoup-jsoup/Tag/test_output/isFormSubmittable/fix_1_2.json,gpt-4o-mini,stop,721,1776,2497
./jsoup-jsoup/2323b/MANTIS-tests-05.bak-20260305-160715/jsoup-jsoup/Tag/scenario_output/isFormSubmittable/isFormSubmittable_1.json,,,0,0,0
./jsoup-jsoup/2323b/MANTIS-tests-05.bak-20260305-160715/jsoup-jsoup/Tag/scenario_output/isFormSubmittable/scenario_2.json,o4-mini,stop,2000,6111,8111
./jsoup-jsoup/2323b/MANTIS-tests-05.bak-20260305-160715/jsoup-jsoup/Tag/scenario_output/isFormSubmittable/isFormSubmittable_2.json,,,0,0,0
./jsoup-jsoup/2323b/MANTIS-tests-05.bak-20260305-160715/jsoup-jsoup/Tag/scenario_output/isFormSubmittable/scenario_0.json,o4-mini,stop,601,6331,6932
./jsoup-jsoup/2323b/MANTIS-tests-05.bak-20260305-160715/jsoup-jsoup/Tag/scenario_output/isFormSubmittable/scenario_1.json,o4-mini,stop,1455,5496,6951
./jsoup-jsoup/2323b/MANTIS-tests-05.bak-20260305-160715/jsoup-jsoup/Tag/test_output/isFormSubmittable/guide_0.json,gpt-4o-mini,stop,693,2724,3417
./jsoup-jsoup/2323b/MANTIS-tests-05.bak-20260305-160715/jsoup-jsoup/Tag/test_output/isFormSubmittable/test_1.json,o4-mini,stop,1032,5268,6300
./jsoup-jsoup/2323b/MANTIS-tests-05.bak-20260305-160715/jsoup-jsoup/Tag/test_output/isFormSubmittable/test_0.json,o4-mini,stop,624,4637,5261
./jsoup-jsoup/2323b/MANTIS-tests-05.bak-20260305-160715/jsoup-jsoup/Tag/test_output/isFormSubmittable/guide_1.json,gpt-4o-mini,stop,832,2981,3813
./jsoup-jsoup/2323b/MANTIS-tests-05.bak-20260305-160715/jsoup-jsoup/Tag/test_output/isFormSubmittable/fix_2_1.json,gpt-4o-mini,stop,643,2779,3422
./jsoup-jsoup/2323b/MANTIS-tests-05.bak-20260305-160715/jsoup-jsoup/Tag/test_output/isFormSubmittable/test_2.json,o4-mini,stop,2000,5221,7221
./jsoup-jsoup/2323b/MANTIS-tests-05.bak-20260305-160715/jsoup-jsoup/Tag/test_output/isFormSubmittable/fix_2_2.json,gpt-4o-mini,stop,902,2987,3889
./jsoup-jsoup/2323b/MANTIS-tests-05.bak-20260305-160715/jsoup-jsoup/Tag/test_output/isFormSubmittable/guide_2.json,gpt-4o-mini,stop,796,3225,4021
./jsoup-jsoup/2323b/MANTIS-tests-05.bak-20260305-160715/jsoup-jsoup/Tag/test_output/isFormSubmittable/fix_1_0.json,gpt-4o-mini,stop,358,2416,2774
./jsoup-jsoup/2323b/MANTIS-tests-05.bak-20260305-160715/jsoup-jsoup/Tag/test_output/isFormSubmittable/fix_1_1.json,gpt-4o-mini,stop,642,2580,3222
./jsoup-jsoup/2323b/MANTIS-tests-05.bak-20260305-160715/jsoup-jsoup/Tag/test_output/isFormSubmittable/fix_2_0.json,gpt-4o-mini,stop,358,2383,2741
./jsoup-jsoup/2323b/MANTIS-tests-05.bak-20260305-160715/jsoup-jsoup/Tag/test_output/isFormSubmittable/fix_1_2.json,gpt-4o-mini,stop,902,3079,3981
./jsoup-jsoup/2323b/MANTIS-tests-08.bak-20260305-161527/jsoup-jsoup/Tag/scenario_output/isFormSubmittable/isFormSubmittable_1.json,,,0,0,0
./jsoup-jsoup/2323b/MANTIS-tests-08.bak-20260305-161527/jsoup-jsoup/Tag/scenario_output/isFormSubmittable/scenario_2.json,o4-mini,stop,1202,6325,7527
./jsoup-jsoup/2323b/MANTIS-tests-08.bak-20260305-161527/jsoup-jsoup/Tag/scenario_output/isFormSubmittable/isFormSubmittable_0.json,,,0,0,0
./jsoup-jsoup/2323b/MANTIS-tests-08.bak-20260305-161527/jsoup-jsoup/Tag/scenario_output/isFormSubmittable/isFormSubmittable_2.json,,,0,0,0
./jsoup-jsoup/2323b/MANTIS-tests-08.bak-20260305-161527/jsoup-jsoup/Tag/scenario_output/isFormSubmittable/scenario_0.json,o4-mini,stop,1038,6331,7369
./jsoup-jsoup/2323b/MANTIS-tests-08.bak-20260305-161527/jsoup-jsoup/Tag/scenario_output/isFormSubmittable/scenario_1.json,o4-mini,stop,2072,5558,7630
./jsoup-jsoup/2323b/MANTIS-tests-08.bak-20260305-161527/jsoup-jsoup/Tag/test_output/isFormSubmittable/guide_0.json,gpt-4o-mini,stop,716,2778,3494
./jsoup-jsoup/2323b/MANTIS-tests-08.bak-20260305-161527/jsoup-jsoup/Tag/test_output/isFormSubmittable/test_1.json,o4-mini,stop,939,5173,6112
./jsoup-jsoup/2323b/MANTIS-tests-08.bak-20260305-161527/jsoup-jsoup/Tag/test_output/isFormSubmittable/test_0.json,o4-mini,stop,702,4983,5685
./jsoup-jsoup/2323b/MANTIS-tests-08.bak-20260305-161527/jsoup-jsoup/Tag/test_output/isFormSubmittable/guide_1.json,gpt-4o-mini,stop,130,2602,2732
./jsoup-jsoup/2323b/MANTIS-tests-08.bak-20260305-161527/jsoup-jsoup/Tag/test_output/isFormSubmittable/fix_2_1.json,gpt-4o-mini,stop,781,1698,2479
./jsoup-jsoup/2323b/MANTIS-tests-08.bak-20260305-161527/jsoup-jsoup/Tag/test_output/isFormSubmittable/test_2.json,o4-mini,stop,537,4801,5338
./jsoup-jsoup/2323b/MANTIS-tests-08.bak-20260305-161527/jsoup-jsoup/Tag/test_output/isFormSubmittable/fix_2_2.json,gpt-4o-mini,stop,382,1538,1920
./jsoup-jsoup/2323b/MANTIS-tests-08.bak-20260305-161527/jsoup-jsoup/Tag/test_output/isFormSubmittable/guide_2.json,gpt-4o-mini,stop,205,2367,2572
./jsoup-jsoup/2323b/MANTIS-tests-08.bak-20260305-161527/jsoup-jsoup/Tag/test_output/isFormSubmittable/fix_1_0.json,gpt-4o-mini,stop,436,2474,2910
./jsoup-jsoup/2323b/MANTIS-tests-08.bak-20260305-161527/jsoup-jsoup/Tag/test_output/isFormSubmittable/fix_1_1.json,gpt-4o-mini,stop,773,1641,2414
./jsoup-jsoup/2323b/MANTIS-tests-08.bak-20260305-161527/jsoup-jsoup/Tag/test_output/isFormSubmittable/fix_2_0.json,gpt-4o-mini,stop,435,2460,2895
./jsoup-jsoup/2323b/MANTIS-tests-08.bak-20260305-161527/jsoup-jsoup/Tag/test_output/isFormSubmittable/fix_1_2.json,gpt-4o-mini,stop,388,1530,1918
./jsoup-jsoup/2323b/MANTIS-tests-10/jsoup-jsoup/Tag/scenario_output/isFormSubmittable/isFormSubmittable_1.json,,,0,0,0
./jsoup-jsoup/2323b/MANTIS-tests-10/jsoup-jsoup/Tag/scenario_output/isFormSubmittable/scenario_2.json,o4-mini,stop,1899,6191,8090
./jsoup-jsoup/2323b/MANTIS-tests-10/jsoup-jsoup/Tag/scenario_output/isFormSubmittable/isFormSubmittable_0.json,,,0,0,0
./jsoup-jsoup/2323b/MANTIS-tests-10/jsoup-jsoup/Tag/scenario_output/isFormSubmittable/isFormSubmittable_2.json,,,0,0,0
./jsoup-jsoup/2323b/MANTIS-tests-10/jsoup-jsoup/Tag/scenario_output/isFormSubmittable/scenario_0.json,o4-mini,stop,1335,6331,7666
./jsoup-jsoup/2323b/MANTIS-tests-10/jsoup-jsoup/Tag/scenario_output/isFormSubmittable/scenario_1.json,o4-mini,stop,1451,5745,7196
./jsoup-jsoup/2323b/MANTIS-tests-10/jsoup-jsoup/Tag/test_output/isFormSubmittable/test_1.json,o4-mini,stop,555,4995,5550
./jsoup-jsoup/2323b/MANTIS-tests-10/jsoup-jsoup/Tag/test_output/isFormSubmittable/test_0.json,o4-mini,stop,1191,5468,6659
./jsoup-jsoup/2323b/MANTIS-tests-10/jsoup-jsoup/Tag/test_output/isFormSubmittable/test_2.json,o4-mini,stop,1249,5252,6501
./jsoup-jsoup/2323b/MANTIS-tests-07/jsoup-jsoup/Tag/scenario_output/isFormSubmittable/isFormSubmittable_1.json,,,0,0,0
./jsoup-jsoup/2323b/MANTIS-tests-07/jsoup-jsoup/Tag/scenario_output/isFormSubmittable/scenario_2.json,o4-mini,stop,1196,6075,7271
./jsoup-jsoup/2323b/MANTIS-tests-07/jsoup-jsoup/Tag/scenario_output/isFormSubmittable/isFormSubmittable_0.json,,,0,0,0
./jsoup-jsoup/2323b/MANTIS-tests-07/jsoup-jsoup/Tag/scenario_output/isFormSubmittable/isFormSubmittable_2.json,,,0,0,0
./jsoup-jsoup/2323b/MANTIS-tests-07/jsoup-jsoup/Tag/scenario_output/isFormSubmittable/scenario_0.json,o4-mini,stop,600,6331,6931
./jsoup-jsoup/2323b/MANTIS-tests-07/jsoup-jsoup/Tag/scenario_output/isFormSubmittable/scenario_1.json,o4-mini,stop,1285,5490,6775
./jsoup-jsoup/2323b/MANTIS-tests-07/jsoup-jsoup/Tag/test_output/isFormSubmittable/test_1.json,o4-mini,stop,826,5020,5846
./jsoup-jsoup/2323b/MANTIS-tests-07/jsoup-jsoup/Tag/test_output/isFormSubmittable/test_0.json,o4-mini,stop,573,4814,5387
./jsoup-jsoup/2323b/MANTIS-tests-07/jsoup-jsoup/Tag/test_output/isFormSubmittable/test_2.json,o4-mini,stop,693,4660,5353
./jsoup-jsoup/2323b/MANTIS-tests-04/jsoup-jsoup/Tag/scenario_output/isFormSubmittable/isFormSubmittable_1.json,,,0,0,0
./jsoup-jsoup/2323b/MANTIS-tests-04/jsoup-jsoup/Tag/scenario_output/isFormSubmittable/scenario_2.json,o4-mini,stop,1114,6033,7147
./jsoup-jsoup/2323b/MANTIS-tests-04/jsoup-jsoup/Tag/scenario_output/isFormSubmittable/isFormSubmittable_0.json,,,0,0,0
./jsoup-jsoup/2323b/MANTIS-tests-04/jsoup-jsoup/Tag/scenario_output/isFormSubmittable/isFormSubmittable_2.json,,,0,0,0
./jsoup-jsoup/2323b/MANTIS-tests-04/jsoup-jsoup/Tag/scenario_output/isFormSubmittable/scenario_0.json,o4-mini,stop,530,6331,6861
./jsoup-jsoup/2323b/MANTIS-tests-04/jsoup-jsoup/Tag/scenario_output/isFormSubmittable/scenario_1.json,o4-mini,stop,1205,5442,6647
./jsoup-jsoup/2323b/MANTIS-tests-04/jsoup-jsoup/Tag/test_output/isFormSubmittable/test_1.json,o4-mini,stop,770,5074,5844
./jsoup-jsoup/2323b/MANTIS-tests-04/jsoup-jsoup/Tag/test_output/isFormSubmittable/test_0.json,o4-mini,stop,586,4816,5402
./jsoup-jsoup/2323b/MANTIS-tests-04/jsoup-jsoup/Tag/test_output/isFormSubmittable/test_2.json,o4-mini,stop,688,4836,5524
